match,quota1,quota2,bookie,pick,confidence,probability
Málaga vs Espanyol,2.65,2.7,BetRivers,⚖️ EMPATE / AMBOS ANOTAN,MEDIA,33
Rayo Vallecano vs Athletic Bilbao,2.9,2.43,BetRivers,⚖️ EMPATE / AMBOS ANOTAN,MEDIA,33
Alavés vs Atlético Madrid,4.3,1.82,BetRivers,✅ VISITA FAVORITA,MEDIA,55
Barcelona vs Getafe,1.05,30.0,BetRivers,🔥 LOCAL IMPERDIBLE,ALTA,95
Real Madrid vs Villarreal,1.32,8.5,BetRivers,🔥 LOCAL IMPERDIBLE,ALTA,76
Elche CF vs Celta Vigo,2.8,2.6,BetRivers,⚖️ EMPATE / AMBOS ANOTAN,MEDIA,33
Real Sociedad vs Deportivo La Coruña,1.68,4.8,BetRivers,✅ LOCAL FAVORITO,MEDIA,60
Real Betis vs CA Osasuna,1.56,5.4,BetRivers,✅ LOCAL FAVORITO,MEDIA,64
Real Racing Club de Santander vs Valencia,2.33,3.05,BetRivers,✅ LOCAL FAVORITO,MEDIA,43
Levante vs Sevilla,2.65,2.75,BetRivers,⚖️ EMPATE / AMBOS ANOTAN,MEDIA,33
Deportivo La Coruña vs Levante,2.1,3.4,FanDuel,✅ LOCAL FAVORITO,MEDIA,48
Espanyol vs Atlético Madrid,4.1,1.77,FanDuel,✅ VISITA FAVORITA,MEDIA,56
Villarreal vs Elche CF,1.38,6.5,FanDuel,🔥 LOCAL IMPERDIBLE,ALTA,72
Real Betis vs Barcelona,5.8,1.38,FanDuel,🚀 VISITA IMPERDIBLE,ALTA,72
Valencia vs Athletic Bilbao,3.4,2.1,FanDuel,✅ VISITA FAVORITA,MEDIA,48
CA Osasuna vs Real Racing Club de Santander,1.83,3.9,FanDuel,✅ LOCAL FAVORITO,MEDIA,55
Celta Vigo vs Alavés,2.0,3.7,FanDuel,✅ LOCAL FAVORITO,MEDIA,50
Málaga vs Real Sociedad,3.1,2.1,FanDuel,✅ VISITA FAVORITA,MEDIA,48
Real Madrid vs Sevilla,1.2,10.0,FanDuel,🔥 LOCAL IMPERDIBLE,ALTA,83
Getafe vs Rayo Vallecano,2.8,2.6,FanDuel,⚖️ EMPATE / AMBOS ANOTAN,MEDIA,33
